Address,City,Name,URL,Program Details,School District,Image,Formatted Address,latlong,lat,long
1011 Vance Jackson Rd,"San Antonio, TX",Pepperidge Apts,https://www.saisd.net/page/article/227,Meals droped of by school bus from 9:30 a.m. to 10:00 a.m.,SA ISD,https://nowcastsa.com/sites/default/files/styles/thumbnail/public/saisd_bus_food_stops.png,"1011 Vance Jackson Rd, San Antonio, TX 78201, USA","29.4817465,-98.53527330000001",29.4817465,-98.5352733
615 Vance Jackson Rd,"San Antonio, TX",Fleetwood apts,https://www.saisd.net/page/article/227,Meals droped of by school bus from 10:10 a.m. to 10:40 a.m.,SA ISD,https://nowcastsa.com/sites/default/files/styles/thumbnail/public/saisd_bus_food_stops.png,"615 Vance Jackson Rd, San Antonio, TX 78201, USA","29.4783248,-98.5352827",29.4783248,-98.5352827
423 Vance Jackson Rd,"San Antonio, TX",Tradewinds Villas Apts,https://www.saisd.net/page/article/227,Meals droped of by school bus from 10:50 a.m. to 11:20 a.m.,SA ISD,https://nowcastsa.com/sites/default/files/styles/thumbnail/public/saisd_bus_food_stops.png,"423 Vance Jackson Rd, San Antonio, TX 78201, USA","29.4775938,-98.53599039999999",29.4775938,-98.5359904
315 Vance Jackson Rd,"San Antonio, TX",Tarry Towne Apts,https://www.saisd.net/page/article/227,Meals droped of by school bus from 11:30 a.m. to 12:00 p.m.,SA ISD,https://nowcastsa.com/sites/default/files/styles/thumbnail/public/saisd_bus_food_stops.png,"315 Vance Jackson Rd, San Antonio, TX 78201, USA","29.4764242,-98.5358803",29.4764242,-98.5358803
1400 Gardina,"San Antonio, TX",Spring Wood Apts,https://www.saisd.net/page/article/227,Meals droped of by school bus from 12:10 p.m. to 12:40 p.m.,SA ISD,https://nowcastsa.com/sites/default/files/styles/thumbnail/public/saisd_bus_food_stops.png,"1400 Gardina, San Antonio, TX 78201, USA","29.4782497,-98.5376761",29.4782497,-98.5376761
1318 Gardina,"San Antonio, TX",Gardina Court Apts,https://www.saisd.net/page/article/227,Meals droped of by school bus from 12:50 p.m. to 1:20 p.m.,SA ISD,https://nowcastsa.com/sites/default/files/styles/thumbnail/public/saisd_bus_food_stops.png,"1318 Gardina, San Antonio, TX 78201, USA","29.479522,-98.535883",29.479522,-98.535883
4325 NW Loop 410,"San Antonio, TX",South Point Oaks Apts,https://www.saisd.net/page/article/227,Meals droped of by school bus from 9:45 a.m. to 10:15 a.m.,SA ISD,https://nowcastsa.com/sites/default/files/styles/thumbnail/public/saisd_bus_food_stops.png,"4325 Northwest Loop 410, San Antonio, TX 78229, USA","29.4900749,-98.56933219999999",29.4900749,-98.5693322
3253 Hillcrest Dr,"San Antonio, TX",Woods of Brookhollow Apts,https://www.saisd.net/page/article/227,Meals droped of by school bus from 10:25 a.m. to 10:55 a.m.,SA ISD,https://nowcastsa.com/sites/default/files/styles/thumbnail/public/saisd_bus_food_stops.png,"3253 Hillcrest Dr, San Antonio, TX 78201, USA","29.491022,-98.556023",29.491022,-98.556023
3110 Hillcrest Dr # 105,"San Antonio, TX",Dakota apts,https://www.saisd.net/page/article/227,Meals droped of by school bus from 11:05 a.m. to 11:35 a.m.,SA ISD,https://nowcastsa.com/sites/default/files/styles/thumbnail/public/saisd_bus_food_stops.png,"3110 Hillcrest Dr #105, San Antonio, TX 78201, USA","29.4892884,-98.5555619",29.4892884,-98.5555619
2903 Hillcrest Dr,"San Antonio, TX",Trio apts,https://www.saisd.net/page/article/227,Meals droped of by school bus from 11:45 a.m. to 12:15 p.m.,SA ISD,https://nowcastsa.com/sites/default/files/styles/thumbnail/public/saisd_bus_food_stops.png,"2903 Hillcrest Dr, San Antonio, TX 78201, USA","29.4860833,-98.5583461",29.4860833,-98.5583461
1150 Babcock Rd,"San Antonio, TX",Spanish keys apts,https://www.saisd.net/page/article/227,Meals droped of by school bus from 12:25 a.m. to 12:55 p.m.,SA ISD,https://nowcastsa.com/sites/default/files/styles/thumbnail/public/saisd_bus_food_stops.png,"1150 Babcock Rd, Balcones Heights, TX 78201, USA","29.48400699999999,-98.55819179999999",29.484007,-98.5581918
801 Gentleman Rd,"San Antonio, TX",Terrace House Apts,https://www.saisd.net/page/article/227,Meals droped of by school bus from 1:00 p.m. to 1:30 p.m.,SA ISD,https://nowcastsa.com/sites/default/files/styles/thumbnail/public/saisd_bus_food_stops.png,"801 Gentleman Rd, Balcones Heights, TX 78201, USA","29.4893056,-98.5537114",29.4893056,-98.5537114
6222 S New Braunfels Ave,"San Antonio, TX",Costa Almadena Apts,https://www.saisd.net/page/article/227,Meals droped of by school bus from 9:45 a.m. to 10:15 a.m.,SA ISD,https://nowcastsa.com/sites/default/files/styles/thumbnail/public/saisd_bus_food_stops.png,"6222 S New Braunfels Ave, San Antonio, TX 78223, USA","29.3650328,-98.4581414",29.3650328,-98.4581414
538 Hot Wells Blvd,"San Antonio, TX",Robins Nest Apts,https://www.saisd.net/page/article/227,Meals droped of by school bus from 10:25 a.m. to 10:55 a.m.,SA ISD,https://nowcastsa.com/sites/default/files/styles/thumbnail/public/saisd_bus_food_stops.png,"538 Hot Wells Blvd, San Antonio, TX 78223, USA","29.367952,-98.45898190000001",29.367952,-98.4589819
501 Koehler Ct,"San Antonio, TX",Hillside Manor Apts,https://www.saisd.net/page/article/227,Meals droped of by school bus from 11:05 a.m. to 11:35 a.m.,SA ISD,https://nowcastsa.com/sites/default/files/styles/thumbnail/public/saisd_bus_food_stops.png,"501 Koehler Ct, San Antonio, TX 78223, USA","29.36705559999999,-98.4587058",29.3670556,-98.4587058
515 Riverside Dr,"San Antonio, TX",Riverside Apts,https://www.saisd.net/page/article/227,Meals droped of by school bus from 11:45 a.m. to 12:15 p.m.,SA ISD,https://nowcastsa.com/sites/default/files/styles/thumbnail/public/saisd_bus_food_stops.png,"515 Riverside Dr, San Antonio, TX 78223, USA","29.3743234,-98.47663700000001",29.3743234,-98.476637
927 VFW Blvd,"San Antonio, TX",Mission Del Rio Apts,https://www.saisd.net/page/article/227,Meals droped of by school bus from 12:25 p.m. to 12:55 p.m.,SA ISD,https://nowcastsa.com/sites/default/files/styles/thumbnail/public/saisd_bus_food_stops.png,"927 VFW Blvd, San Antonio, TX 78223, USA","29.3703843,-98.474515",29.3703843,-98.474515
1600 Saltillo St,"San Antonio, TX",Good Samaritan Center,https://www.saisd.net/page/article/227,Meals droped of by school bus from 9:45 a.m. to 10:15 a.m.,SA ISD,https://nowcastsa.com/sites/default/files/styles/thumbnail/public/saisd_bus_food_stops.png,"1600 Saltillo St, San Antonio, TX 78207, USA","29.411504,-98.5388866",29.411504,-98.5388866
1938 S Zarzamora St,"San Antonio, TX",San Juan Square Apts,https://www.saisd.net/page/article/227,Meals droped of by school bus from 10:25 a.m. to 10:55 a.m.,SA ISD,https://nowcastsa.com/sites/default/files/styles/thumbnail/public/saisd_bus_food_stops.png,"1938 S Zarzamora St, San Antonio, TX 78207, USA","29.4058461,-98.52957699999999",29.4058461,-98.529577
2003 S Zarzamora St,"San Antonio, TX",Gardens at San Juan Square Apts,https://www.saisd.net/page/article/227,Meals droped of by school bus from 11:05 a.m. to 11:35 a.m.,SA ISD,https://nowcastsa.com/sites/default/files/styles/thumbnail/public/saisd_bus_food_stops.png,"2003 S Zarzamora St, San Antonio, TX 78207, USA","29.4053578,-98.53025269999999",29.4053578,-98.5302527
2404 S Calaveras St,"San Antonio, TX",San Juan Square 2 Apts,https://www.saisd.net/page/article/227,Meals droped of by school bus from 11:45 a.m. to 12:15 p.m.,SA ISD,https://nowcastsa.com/sites/default/files/styles/thumbnail/public/saisd_bus_food_stops.png,"2404 S Calaveras St, San Antonio, TX 78207, USA","29.40219129999999,-98.52773409999999",29.4021913,-98.5277341
1901 S San Marcos,"San Antonio, TX",Artisan at Creekside Apts,https://www.saisd.net/page/article/227,Meals droped of by school bus from 12:25 p.m. to 12:55 p.m.,SA ISD,https://nowcastsa.com/sites/default/files/styles/thumbnail/public/saisd_bus_food_stops.png,"1901 S San Marcos, San Antonio, TX 78207, USA","29.40563,-98.512669",29.40563,-98.512669
4618 Dietrich Rd,"San Antonio, TX",Dietrich Rd Apts,https://www.saisd.net/page/article/227,Meals droped of by school bus from 9:45 a.m. to 10:15 a.m.,SA ISD,https://nowcastsa.com/sites/default/files/styles/thumbnail/public/saisd_bus_food_stops.png,"4618 Dietrich Rd, San Antonio, TX 78219, USA","29.44124729999999,-98.40088329999999",29.4412473,-98.4008833
4141 I-10 Frontage Rd,"San Antonio, TX",Casa Pointe Apts,https://www.saisd.net/page/article/227,Meals droped of by school bus from 10:25 a.m. to 10:55 a.m.,SA ISD,https://nowcastsa.com/sites/default/files/styles/thumbnail/public/saisd_bus_food_stops.png,"4141 I-10 Frontage Rd, Converse, TX 78109, USA","29.4509473,-98.3411692",29.4509473,-98.3411692
3735 E Commerce St,"San Antonio, TX",The Palms/Edge Apts,https://www.saisd.net/page/article/227,Meals droped of by school bus from 11:05 a.m. to 11:35 a.m.,SA ISD,https://nowcastsa.com/sites/default/files/styles/thumbnail/public/saisd_bus_food_stops.png,"3735 E Commerce St, San Antonio, TX 78219, USA","29.4267289,-98.423954",29.4267289,-98.423954
1010 Locke St,"San Antonio, TX",Park At Sutton Oaks Apts,https://www.saisd.net/page/article/227,Meals droped of by school bus from 11:45 a.m. to 12:15 p.m.,SA ISD,https://nowcastsa.com/sites/default/files/styles/thumbnail/public/saisd_bus_food_stops.png,"1010 Locke St, San Antonio, TX 78208, USA","29.4361834,-98.4476213",29.4361834,-98.4476213
2818 N IH-35,"San Antonio, TX",Sutton Oaks Apts,https://www.saisd.net/page/article/227,Meals droped of by school bus from 12:25 p.m. to 12:55 p.m.,SA ISD,https://nowcastsa.com/sites/default/files/styles/thumbnail/public/saisd_bus_food_stops.png,"2818 I-35, San Antonio, TX 78208, USA","29.4378829,-98.4447843",29.4378829,-98.4447843
1111 S. Navidad St.,"San Antonio, TX",Barkley-Ruiz Elementary School,https://www.saisd.net/page/article/227,curbside pickup of breakfast and lunch from 10:30 a.m. to 12:30 p.m.,SA ISD,https://nowcastsa.com/sites/default/files/styles/thumbnail/public/sanantonioisd.jpg,"1111 S Navidad St, San Antonio, TX 78207, USA","29.4160826,-98.5243435",29.4160826,-98.5243435
1411 W. Ashby Place,"San Antonio, TX",Beacon Hill Elementary School,https://www.saisd.net/page/article/227,curbside pickup of breakfast and lunch from 10:30 a.m. to 12:30 p.m.,SA ISD,https://nowcastsa.com/sites/default/files/styles/thumbnail/public/sanantonioisd.jpg,"1411 W Ashby Pl, San Antonio, TX 78201, USA","29.4499657,-98.514521",29.4499657,-98.514521
510 Morningview Drive,"San Antonio, TX",Gates Elementary,https://www.saisd.net/page/article/227,curbside pickup of breakfast and lunch from 10:30 a.m. to 12:30 p.m.,SA ISD,https://nowcastsa.com/sites/default/files/styles/thumbnail/public/sanantonioisd.jpg,"510 Morningview Dr, San Antonio, TX 78220, USA","29.4099234,-98.4278566",29.4099234,-98.4278566
325 Pruitt Ave.,"San Antonio, TX",Harris Middle School,https://www.saisd.net/page/article/227,curbside pickup of breakfast and lunch from 10:30 a.m. to 12:30 p.m.,SA ISD,https://nowcastsa.com/sites/default/files/styles/thumbnail/public/sanantonioisd.jpg,"325 Pruitt Ave, San Antonio, TX 78204, USA","29.3994749,-98.5074873",29.3994749,-98.5074873
1130 E. Sunshine Drive,"San Antonio, TX",Longfellow Middle School,https://www.saisd.net/page/article/227,curbside pickup of breakfast and lunch from 10:30 a.m. to 12:30 p.m.,SA ISD,https://nowcastsa.com/sites/default/files/styles/thumbnail/public/sanantonioisd.jpg,"1130 E Sunshine Dr, San Antonio, TX 78228, USA","29.4732844,-98.56326",29.4732844,-98.56326
3000 Tampico St,"San Antonio, TX",Rhodes Middle School,https://www.saisd.net/page/article/227,curbside pickup of breakfast and lunch from 10:30 a.m. to 12:30 p.m.,SA ISD,https://nowcastsa.com/sites/default/files/styles/thumbnail/public/sanantonioisd.jpg,"3000 Tampico St, San Antonio, TX 78207, USA","29.4164376,-98.5414091",29.4164376,-98.5414091
202 School St.,"San Antonio, TX",Riverside Park Elementary School,https://www.saisd.net/page/article/227,curbside pickup of breakfast and lunch from 10:30 a.m. to 12:30 p.m.,SA ISD,https://nowcastsa.com/sites/default/files/styles/thumbnail/public/sanantonioisd.jpg,"202 School St, San Antonio, TX 78210, USA","29.388482,-98.4822744",29.388482,-98.4822744
2101 Edison Drive,"San Antonio, TX",Whittier Middle School,https://www.saisd.net/page/article/227,curbside pickup of breakfast and lunch from 10:30 a.m. to 12:30 p.m.,SA ISD,https://nowcastsa.com/sites/default/files/styles/thumbnail/public/sanantonioisd.jpg,"2101 Edison Dr, San Antonio, TX 78201, USA","29.4754169,-98.53013469999999",29.4754169,-98.5301347
515 Willow St.,"San Antonio, TX",Bowden Academy,https://www.saisd.net/page/article/227,curbside pickup of breakfast and lunch from 10:30 a.m. to 12:30 p.m.,SA ISD,https://nowcastsa.com/sites/default/files/styles/thumbnail/public/sanantonioisd.jpg,"515 Willow St, San Antonio, TX 78202, USA","29.4319369,-98.46992829999999",29.4319369,-98.4699283
1214 Guadalupe St.,"San Antonio, TX",JT Brackenridge Elementary,https://www.saisd.net/page/article/227,curbside pickup of breakfast and lunch from 10:30 a.m. to 12:30 p.m.,SA ISD,https://nowcastsa.com/sites/default/files/styles/thumbnail/public/sanantonioisd.jpg,"1214 Guadalupe St, San Antonio, TX 78207, USA","29.418139,-98.5142247",29.418139,-98.5142247
318 Martin L. King Drive,"San Antonio, TX",Douglass Academy,https://www.saisd.net/page/article/227,curbside pickup of breakfast and lunch from 10:30 a.m. to 12:30 p.m.,SA ISD,https://nowcastsa.com/sites/default/files/styles/thumbnail/public/sanantonioisd.jpg,"318 Martin Luther King Dr, San Antonio, TX 78203, USA","29.4130003,-98.4740006",29.4130003,-98.4740006
530 Hoover Ave,"San Antonio, TX",Graebner Elementary,https://www.saisd.net/page/article/227,curbside pickup of breakfast and lunch from 10:30 a.m. to 12:30 p.m.,SA ISD,https://nowcastsa.com/sites/default/files/styles/thumbnail/public/sanantonioisd.jpg,"530 Hoover Ave, San Antonio, TX 78225, USA","29.3848504,-98.52875429999999",29.3848504,-98.5287543
4826 Sea Breeze Drive,"San Antonio, TX",Hirsch Elementary,https://www.saisd.net/page/article/227,curbside pickup of breakfast and lunch from 10:30 a.m. to 12:30 p.m.,SA ISD,https://nowcastsa.com/sites/default/files/styles/thumbnail/public/sanantonioisd.jpg,"4826 Seabreeze Dr, San Antonio, TX 78220, USA","29.400986,-98.3988",29.400986,-98.3988
314 Astor St,"San Antonio, TX",Japhet Academy,https://www.saisd.net/page/article/227,curbside pickup of breakfast and lunch from 10:30 a.m. to 12:30 p.m.,SA ISD,https://nowcastsa.com/sites/default/files/styles/thumbnail/public/sanantonioisd.jpg,"314 Astor St, San Antonio, TX 78210, USA","29.3869967,-98.46785179999999",29.3869967,-98.4678518
107 Raleigh Pl,"San Antonio, TX",Maverick Elementary,https://www.saisd.net/page/article/227,curbside pickup of breakfast and lunch from 10:30 a.m. to 12:30 p.m.,SA ISD,https://nowcastsa.com/sites/default/files/styles/thumbnail/public/sanantonioisd.jpg,"107 Raleigh Pl, San Antonio, TX 78201, USA","29.4784259,-98.5469959",29.4784259,-98.5469959
9210 S. Presa St,"San Antonio, TX",Mission Academy,https://www.saisd.net/page/article/227,curbside pickup of breakfast and lunch from 10:30 a.m. to 12:30 p.m.,SA ISD,https://nowcastsa.com/sites/default/files/styles/thumbnail/public/sanantonioisd.jpg,"9210 S Presa St, San Antonio, TX 78223, USA","29.3301199,-98.4399289",29.3301199,-98.4399289
3501 Martin L. King Drive,"San Antonio, TX",M.L. King Academy,https://www.saisd.net/page/article/227,curbside pickup of breakfast and lunch from 10:30 a.m. to 12:30 p.m.,SA ISD,https://nowcastsa.com/sites/default/files/styles/thumbnail/public/sanantonioisd.jpg,"3501 Martin Luther King Dr, San Antonio, TX 78220, USA","29.41442929999999,-98.4210585",29.4144293,-98.4210585
101 Kate Schenck Ave,"San Antonio, TX",Schenck Elementary,https://www.saisd.net/page/article/227,curbside pickup of breakfast and lunch from 10:30 a.m. to 12:30 p.m.,SA ISD,https://nowcastsa.com/sites/default/files/styles/thumbnail/public/sanantonioisd.jpg,"101 Kate Schenck Ave, San Antonio, TX 78223, USA","29.361797,-98.436481",29.361797,-98.436481
401 Berkshire,"San Antonio, TX",Young Women’s Leadership Academy,https://www.saisd.net/page/article/227,curbside pickup of breakfast and lunch from 10:30 a.m. to 12:30 p.m.,SA ISD,https://nowcastsa.com/sites/default/files/styles/thumbnail/public/sanantonioisd.jpg,"401 Berkshire Ave, San Antonio, TX 78210, USA","29.399403,-98.47680799999999",29.399403,-98.476808
400 Eagleland Drive,"San Antonio, TX",Brackenridge High School,https://www.saisd.net/page/article/227,curbside pickup of breakfast and lunch from 10:30 a.m. to 12:30 p.m.,SA ISD,https://nowcastsa.com/sites/default/files/styles/thumbnail/public/sanantonioisd.jpg,"400 Eagleland Dr, San Antonio, TX 78210, USA","29.404749,-98.487608",29.404749,-98.487608
1002 Edwards St.,"San Antonio, TX",Burbank High School,https://www.saisd.net/page/article/227,curbside pickup of breakfast and lunch from 10:30 a.m. to 12:30 p.m.,SA ISD,https://nowcastsa.com/sites/default/files/styles/thumbnail/public/sanantonioisd.jpg,"1002 Edwards, San Antonio, TX 78204, USA","29.3928838,-98.5092028",29.3928838,-98.5092028
701 Santa Monica Drive,"San Antonio, TX",Edison High School,https://www.saisd.net/page/article/227,curbside pickup of breakfast and lunch from 10:30 a.m. to 12:30 p.m.,SA ISD,https://nowcastsa.com/sites/default/files/styles/thumbnail/public/sanantonioisd.jpg,"701 Santa Monica, San Antonio, TX 78212, USA","29.4720809,-98.5049999",29.4720809,-98.5049999
637 N. Main Avenue,"San Antonio, TX",Fox Tech High School,https://www.saisd.net/page/article/227,curbside pickup of breakfast and lunch from 10:30 a.m. to 12:30 p.m.,SA ISD,https://nowcastsa.com/sites/default/files/styles/thumbnail/public/sanantonioisd.jpg,"637 N Main Ave, San Antonio, TX 78205, USA","29.4324989,-98.4949656",29.4324989,-98.4949656
3118 Elgin Ave,"San Antonio, TX",Highlands High School,https://www.saisd.net/page/article/227,curbside pickup of breakfast and lunch from 10:30 a.m. to 12:30 p.m.,SA ISD,https://nowcastsa.com/sites/default/files/styles/thumbnail/public/sanantonioisd.jpg,"3118 Elgin Ave, San Antonio, TX 78210, USA","29.3882158,-98.44258549999999",29.3882158,-98.4425855
723 Donaldson Ave.,"San Antonio, TX",Jefferson High School,https://www.saisd.net/page/article/227,curbside pickup of breakfast and lunch from 10:30 a.m. to 12:30 p.m.,SA ISD,https://nowcastsa.com/sites/default/files/styles/thumbnail/public/sanantonioisd.jpg,"723 Donaldson Ave, San Antonio, TX 78201, USA","29.4651956,-98.53961699999999",29.4651956,-98.539617
1514 W. Cesar E. Chavez Blvd.,"San Antonio, TX",Lanier High School,https://www.saisd.net/page/article/227,curbside pickup of breakfast and lunch from 10:30 a.m. to 12:30 p.m.,SA ISD,https://nowcastsa.com/sites/default/files/styles/thumbnail/public/sanantonioisd.jpg,"1514 W César E Chávez Blvd, San Antonio, TX 78207, USA","29.42182,-98.5158917",29.42182,-98.5158917
4635 E. Houston St.,"San Antonio, TX",Sam Houston High School,https://www.saisd.net/page/article/227,curbside pickup of breakfast and lunch from 10:30 a.m. to 12:30 p.m.,SA ISD,https://nowcastsa.com/sites/default/files/styles/thumbnail/public/sanantonioisd.jpg,"4635 E Houston St, San Antonio, TX 78220, USA","29.4253751,-98.3992038",29.4253751,-98.3992038
1731 Dahlgreen,"San Antonio, TX",Gardendale Elementary,https://www.eisd.net/…/F…/Health%20Update/Closure%20FAQs.pdf,drive-up Grab and Go meal at all Edgewood ISD campuses.  (Breakfast from 7:30 am – 9:30 am)  (Lunch from 11:30 am – 1:30 pm),Edgewood ISD,https://nowcastsa.com/sites/default/files/styles/thumbnail/public/edgewoodisd.png,"1731 Dahlgreen Ave, San Antonio, TX 78237, USA","29.4121029,-98.56665059999999",29.4121029,-98.5666506
2803 Castroville,"San Antonio, TX",Henry B. Gonzalez Elementary,https://www.eisd.net/…/F…/Health%20Update/Closure%20FAQs.pdf,drive-up Grab and Go meal at all Edgewood ISD campuses.  (Breakfast from 7:30 am – 9:30 am)  (Lunch from 11:30 am – 1:30 pm),Edgewood ISD,https://nowcastsa.com/sites/default/files/styles/thumbnail/public/edgewoodisd.png,"2803 Castroville Rd, San Antonio, TX 78237, USA","29.4102164,-98.5840351",29.4102164,-98.5840351
115 Las Palmas,"San Antonio, TX",Las Palmas Elementary,https://www.eisd.net/…/F…/Health%20Update/Closure%20FAQs.pdf,drive-up Grab and Go meal at all Edgewood ISD campuses.  (Breakfast from 7:30 am – 9:30 am)  (Lunch from 11:30 am – 1:30 pm),Edgewood ISD,https://nowcastsa.com/sites/default/files/styles/thumbnail/public/edgewoodisd.png,"115 Las Palmas Dr, San Antonio, TX 78237, USA","29.4210438,-98.5472963",29.4210438,-98.5472963
400 Aurora Drive,"San Antonio, TX",Loma Park Elementary,https://www.eisd.net/…/F…/Health%20Update/Closure%20FAQs.pdf,drive-up Grab and Go meal at all Edgewood ISD campuses.  (Breakfast from 7:30 am – 9:30 am)  (Lunch from 11:30 am – 1:30 pm),Edgewood ISD,https://nowcastsa.com/sites/default/files/styles/thumbnail/public/edgewoodisd.png,"400 Aurora, San Antonio, TX 78228, USA","29.4426891,-98.5741405",29.4426891,-98.5741405
6515 W Commerce,"San Antonio, TX",Lyndon B. Johnson Elementary,https://www.eisd.net/…/F…/Health%20Update/Closure%20FAQs.pdf,drive-up Grab and Go meal at all Edgewood ISD campuses.  (Breakfast from 7:30 am – 9:30 am)  (Lunch from 11:30 am – 1:30 pm),Edgewood ISD,https://nowcastsa.com/sites/default/files/styles/thumbnail/public/edgewoodisd.png,"6515 W Commerce St, San Antonio, TX 78227, USA","29.435715,-98.5903723",29.435715,-98.5903723
1507 Ceralvo,"San Antonio, TX",Perales Elementary,https://www.eisd.net/…/F…/Health%20Update/Closure%20FAQs.pdf,drive-up Grab and Go meal at all Edgewood ISD campuses.  (Breakfast from 7:30 am – 9:30 am)  (Lunch from 11:30 am – 1:30 pm),Edgewood ISD,https://nowcastsa.com/sites/default/files/styles/thumbnail/public/edgewoodisd.png,"1507 Ceralvo St, San Antonio, TX 78237, USA","29.4091285,-98.5485406",29.4091285,-98.5485406
3823 Fortuna,"San Antonio, TX",Roosevelt Elementary,https://www.eisd.net/…/F…/Health%20Update/Closure%20FAQs.pdf,drive-up Grab and Go meal at all Edgewood ISD campuses.  (Breakfast from 7:30 am – 9:30 am)  (Lunch from 11:30 am – 1:30 pm),Edgewood ISD,https://nowcastsa.com/sites/default/files/styles/thumbnail/public/edgewoodisd.png,"3823 Fortuna, San Antonio, TX 78237, USA","29.4369788,-98.56257339999999",29.4369788,-98.5625734
3011 Ruiz St,"San Antonio, TX",Roy Cisneros Elementary,https://www.eisd.net/…/F…/Health%20Update/Closure%20FAQs.pdf,drive-up Grab and Go meal at all Edgewood ISD campuses.  (Breakfast from 7:30 am – 9:30 am)  (Lunch from 11:30 am – 1:30 pm),Edgewood ISD,https://nowcastsa.com/sites/default/files/styles/thumbnail/public/edgewoodisd.png,"3011 Ruiz St, San Antonio, TX 78228, USA","29.4390677,-98.54969919999999",29.4390677,-98.5496992
415 SW 36th Street,"San Antonio, TX",Stafford Elementary,https://www.eisd.net/…/F…/Health%20Update/Closure%20FAQs.pdf,drive-up Grab and Go meal at all Edgewood ISD campuses.  (Breakfast from 7:30 am – 9:30 am)  (Lunch from 11:30 am – 1:30 pm),Edgewood ISD,https://nowcastsa.com/sites/default/files/styles/thumbnail/public/edgewoodisd.png,"415 SW 36th St, San Antonio, TX 78237, USA","29.4251339,-98.57321759999999",29.4251339,-98.5732176
2525 SW Gen McMullen,"San Antonio, TX",Winston Elementary,https://www.eisd.net/…/F…/Health%20Update/Closure%20FAQs.pdf,drive-up Grab and Go meal at all Edgewood ISD campuses.  (Breakfast from 7:30 am – 9:30 am)  (Lunch from 11:30 am – 1:30 pm),Edgewood ISD,https://nowcastsa.com/sites/default/files/styles/thumbnail/public/edgewoodisd.png,"2525 S General McMullen Dr, San Antonio, TX 78226, USA","29.390158,-98.56237899999999",29.390158,-98.562379
3300 Ruiz Street,"San Antonio, TX",Cardenas ECC,https://www.eisd.net/…/F…/Health%20Update/Closure%20FAQs.pdf,drive-up Grab and Go meal at all Edgewood ISD campuses.  (Breakfast from 7:30 am – 9:30 am)  (Lunch from 11:30 am – 1:30 pm),Edgewood ISD,https://nowcastsa.com/sites/default/files/styles/thumbnail/public/edgewoodisd.png,"3300 Ruiz St, San Antonio, TX 78237, USA","29.438975,-98.554634",29.438975,-98.554634
611 SW 36th Street,"San Antonio, TX",Stafford ECC,https://www.eisd.net/…/F…/Health%20Update/Closure%20FAQs.pdf,drive-up Grab and Go meal at all Edgewood ISD campuses.  (Breakfast from 7:30 am – 9:30 am)  (Lunch from 11:30 am – 1:30 pm),Edgewood ISD,https://nowcastsa.com/sites/default/files/styles/thumbnail/public/edgewoodisd.png,"611 SW 36th St, San Antonio, TX 78237, USA","29.4219343,-98.57399029999999",29.4219343,-98.5739903
1626 W Thompson PL,"San Antonio, TX",Brentwood Middle School,https://www.eisd.net/…/F…/Health%20Update/Closure%20FAQs.pdf,drive-up Grab and Go meal at all Edgewood ISD campuses.  (Breakfast from 7:30 am – 9:30 am)  (Lunch from 11:30 am – 1:30 pm),Edgewood ISD,https://nowcastsa.com/sites/default/files/styles/thumbnail/public/edgewoodisd.png,"1626 W Thompson Pl, San Antonio, TX 78226, USA","29.3958859,-98.5538476",29.3958859,-98.5538476
3306 Ruiz,"San Antonio, TX",Gus Garcia Middle School,https://www.eisd.net/…/F…/Health%20Update/Closure%20FAQs.pdf,drive-up Grab and Go meal at all Edgewood ISD campuses.  (Breakfast from 7:30 am – 9:30 am)  (Lunch from 11:30 am – 1:30 pm),Edgewood ISD,https://nowcastsa.com/sites/default/files/styles/thumbnail/public/edgewoodisd.png,"3306 Ruiz St, San Antonio, TX 78237, USA","29.4391546,-98.5567368",29.4391546,-98.5567368
627 S Acme Rd,"San Antonio, TX",Wrenn Middle School,https://www.eisd.net/…/F…/Health%20Update/Closure%20FAQs.pdf,drive-up Grab and Go meal at all Edgewood ISD campuses.  (Breakfast from 7:30 am – 9:30 am)  (Lunch from 11:30 am – 1:30 pm),Edgewood ISD,https://nowcastsa.com/sites/default/files/styles/thumbnail/public/edgewoodisd.png,"627 S Acme Rd, San Antonio, TX 78237, USA","29.4230784,-98.5883282",29.4230784,-98.5883282
607 SW 34th St,"San Antonio, TX",Edgewood Fine Arts Academy,https://www.eisd.net/…/F…/Health%20Update/Closure%20FAQs.pdf,drive-up Grab and Go meal at all Edgewood ISD campuses.  (Breakfast from 7:30 am – 9:30 am)  (Lunch from 11:30 am – 1:30 pm),Edgewood ISD,https://nowcastsa.com/sites/default/files/styles/thumbnail/public/edgewoodisd.png,"607 SW 34th St, San Antonio, TX 78237, USA","29.4217888,-98.56926879999999",29.4217888,-98.5692688
607 SW 34th St,"San Antonio, TX",Emma Frey Alternative School,https://www.eisd.net/…/F…/Health%20Update/Closure%20FAQs.pdf,drive-up Grab and Go meal at all Edgewood ISD campuses.  (Breakfast from 7:30 am – 9:30 am)  (Lunch from 11:30 am – 1:30 pm),Edgewood ISD,https://nowcastsa.com/sites/default/files/styles/thumbnail/public/edgewoodisd.png,"607 SW 34th St, San Antonio, TX 78237, USA","29.4217888,-98.56926879999999",29.4217888,-98.5692688
1922 S Gen McMullen,"San Antonio, TX",John F. Kennedy High School,https://www.eisd.net/…/F…/Health%20Update/Closure%20FAQs.pdf,drive-up Grab and Go meal at all Edgewood ISD campuses.  (Breakfast from 7:30 am – 9:30 am)  (Lunch from 11:30 am – 1:30 pm),Edgewood ISD,https://nowcastsa.com/sites/default/files/styles/thumbnail/public/edgewoodisd.png,"1922 S General McMullen Dr, San Antonio, TX 78226, USA","29.395525,-98.557227",29.395525,-98.557227
1227 Memorial St,"San Antonio, TX",Memorial High School,https://www.eisd.net/…/F…/Health%20Update/Closure%20FAQs.pdf,drive-up Grab and Go meal at all Edgewood ISD campuses.  (Breakfast from 7:30 am – 9:30 am)  (Lunch from 11:30 am – 1:30 pm),Edgewood ISD,https://nowcastsa.com/sites/default/files/styles/thumbnail/public/edgewoodisd.png,"1227 Memorial St, San Antonio, TX 78228, USA","29.4466919,-98.56439739999999",29.4466919,-98.5643974
422 W HUTCHINS PL,"San Antonio, TX",Terrell Wells Middle School,https://www.facebook.com/…/a.54852505520…/3088466911206232/…,curbside pickup of breakfast 7 a.m. to 8:30 a.m. and lunch from 11:00 a.m. to 12:30 p.m.,Harlandale ISD,https://nowcastsa.com/sites/default/files/styles/thumbnail/public/harlandaleisd.jpg,"422 W Hutchins Pl, San Antonio, TX 78221, USA","29.344625,-98.50914399999999",29.344625,-98.509144
743 W Southcross Blvd,"San Antonio, TX",Leal Middle School,https://www.facebook.com/…/a.54852505520…/3088466911206232/…,curbside pickup of breakfast 7 a.m. to 8:30 a.m. and lunch from 11:00 a.m. to 12:30 p.m.,Harlandale ISD,https://nowcastsa.com/sites/default/files/styles/thumbnail/public/harlandaleisd.jpg,"743 W Southcross Blvd, San Antonio, TX 78211, USA","29.3690569,-98.5213837",29.3690569,-98.5213837
300 W Huff Ave,"San Antonio, TX",Harlandale Middle School,https://www.facebook.com/…/a.54852505520…/3088466911206232/…,curbside pickup of breakfast 7 a.m. to 8:30 a.m. and lunch from 11:00 a.m. to 12:30 p.m.,Harlandale ISD,https://nowcastsa.com/sites/default/files/styles/thumbnail/public/harlandaleisd.jpg,"300 W Huff Ave, San Antonio, TX 78214, USA","29.3638155,-98.4987436",29.3638155,-98.4987436
422 E Ashley Rd,"San Antonio, TX",Kingsborough Middle School,https://www.facebook.com/…/a.54852505520…/3088466911206232/…,curbside pickup of breakfast 7 a.m. to 8:30 a.m. and lunch from 11:00 a.m. to 12:30 p.m.,Harlandale ISD,https://nowcastsa.com/sites/default/files/styles/thumbnail/public/harlandaleisd.jpg,"422 E Ashley Rd, San Antonio, TX 78221, USA","29.3332091,-98.49616619999999",29.3332091,-98.4961662
11843 Vance Jackson,"San Antonio, TX",Hobby MS,https://www.nisd.net/…/nisd-offer-food-kits-and-online-inst…,Each car or vehicle will be able to pick up one food and supply kit. 8 - 10 a.m. and 4 - 6 p.m.,Northside ISD,https://nowcastsa.com/sites/default/files/styles/thumbnail/public/northsideisd_0.jpg,"11843 Vance Jackson Rd, San Antonio, TX 78230, USA","29.5501555,-98.57064229999999",29.5501555,-98.5706423
1256 Pinn Rd,"San Antonio, TX",Jones MS,https://www.nisd.net/…/nisd-offer-food-kits-and-online-inst…,Each car or vehicle will be able to pick up one food and supply kit. 8 - 10 a.m. and 4 - 6 p.m.,Northside ISD,https://nowcastsa.com/sites/default/files/styles/thumbnail/public/northsideisd_0.jpg,"1256 Pinn Rd, San Antonio, TX 78227, USA","29.4226864,-98.6219299",29.4226864,-98.6219299
200 Grosenbacher N,"San Antonio, TX",Luna MS,https://www.nisd.net/…/nisd-offer-food-kits-and-online-inst…,Each car or vehicle will be able to pick up one food and supply kit. 8 - 10 a.m. and 4 - 6 p.m.,Northside ISD,https://nowcastsa.com/sites/default/files/styles/thumbnail/public/northsideisd_0.jpg,"200 N Grosenbacher Rd, San Antonio, TX 78253, USA","29.4340669,-98.73719",29.4340669,-98.73719
5227 Evers Rd,"San Antonio, TX",Neff MS,https://www.nisd.net/…/nisd-offer-food-kits-and-online-inst…,Each car or vehicle will be able to pick up one food and supply kit. 8 - 10 a.m. and 4 - 6 p.m.,Northside ISD,https://nowcastsa.com/sites/default/files/styles/thumbnail/public/northsideisd_0.jpg,"5227 Evers Rd, San Antonio, TX 78238, USA","29.4835162,-98.5900322",29.4835162,-98.5900322
201 Hunt Lane,"San Antonio, TX",Pease MS,https://www.nisd.net/…/nisd-offer-food-kits-and-online-inst…,Each car or vehicle will be able to pick up one food and supply kit. 8 - 10 a.m. and 4 - 6 p.m.,Northside ISD,https://nowcastsa.com/sites/default/files/styles/thumbnail/public/northsideisd_0.jpg,"201 Hunt Ln, San Antonio, TX 78245, USA","29.434189,-98.6699919",29.434189,-98.6699919
1400 Cedarhurst,"San Antonio, TX",Rayburn MS,https://www.nisd.net/…/nisd-offer-food-kits-and-online-inst…,Each car or vehicle will be able to pick up one food and supply kit. 8 - 10 a.m. and 4 - 6 p.m.,Northside ISD,https://nowcastsa.com/sites/default/files/styles/thumbnail/public/northsideisd_0.jpg,"1400 Cedarhurst Dr, San Antonio, TX 78227, USA","29.3820974,-98.6382151",29.3820974,-98.6382151
3630 Callaghan,"San Antonio, TX",Ross MS,https://www.nisd.net/…/nisd-offer-food-kits-and-online-inst…,Each car or vehicle will be able to pick up one food and supply kit. 8 - 10 a.m. and 4 - 6 p.m.,Northside ISD,https://nowcastsa.com/sites/default/files/styles/thumbnail/public/northsideisd_0.jpg,"3630 Callaghan Rd, San Antonio, TX 78228, USA","29.4572706,-98.6008658",29.4572706,-98.6008658
6558 Horn Blvd,"San Antonio, TX",Rudder MS,https://www.nisd.net/…/nisd-offer-food-kits-and-online-inst…,Each car or vehicle will be able to pick up one food and supply kit. 8 - 10 a.m. and 4 - 6 p.m.,Northside ISD,https://nowcastsa.com/sites/default/files/styles/thumbnail/public/northsideisd_0.jpg,"6558 Horn Blvd, San Antonio, TX 78240, USA","29.53927029999999,-98.6164969",29.5392703,-98.6164969
13200 Skyhawk,"San Antonio, TX",Stinson MS,https://www.nisd.net/…/nisd-offer-food-kits-and-online-inst…,Each car or vehicle will be able to pick up one food and supply kit. 8 - 10 a.m. and 4 - 6 p.m.,Northside ISD,https://nowcastsa.com/sites/default/files/styles/thumbnail/public/northsideisd_0.jpg,"13200 Skyhawk Dr, San Antonio, TX 78249, USA","29.563636,-98.6502835",29.563636,-98.6502835
2120 N. Ellison,"San Antonio, TX",Vale MS,https://www.nisd.net/…/nisd-offer-food-kits-and-online-inst…,Each car or vehicle will be able to pick up one food and supply kit. 8 - 10 a.m. and 4 - 6 p.m.,Northside ISD,https://nowcastsa.com/sites/default/files/styles/thumbnail/public/northsideisd_0.jpg,"2120 N Ellison Dr, San Antonio, TX 78251, USA","29.4555269,-98.69392839999999",29.4555269,-98.6939284
9410 Timber Path,"San Antonio, TX",Zachry MS,https://www.nisd.net/…/nisd-offer-food-kits-and-online-inst…,Each car or vehicle will be able to pick up one food and supply kit. 8 - 10 a.m. and 4 - 6 p.m.,Northside ISD,https://nowcastsa.com/sites/default/files/styles/thumbnail/public/northsideisd_0.jpg,"9410 Timber Path, San Antonio, TX 78250, USA","29.4928744,-98.6822399",29.4928744,-98.6822399
1725 Palo Alto Rd,"San Antonio, TX",Palo Alto ES,https://www.facebook.com/…/a.4252205621…/10159693678282178/…,curbside pickup of breakfast 7:30 a.m. to 9:00 a.m. and lunch from 11:00 a.m. to 12:30 p.m.,South San ISD,https://nowcastsa.com/sites/default/files/styles/thumbnail/public/soutsanisd.png,"1725 Palo Alto Rd, San Antonio, TX 78211, USA","29.3344143,-98.5533037",29.3344143,-98.5533037
500 Price Ave,"San Antonio, TX",Carrillo ES,https://www.facebook.com/…/a.4252205621…/10159693678282178/…,curbside pickup of breakfast 7:30 a.m. to 9:00 a.m. and lunch from 11:00 a.m. to 12:30 p.m.,South San ISD,https://nowcastsa.com/sites/default/files/styles/thumbnail/public/soutsanisd.png,"500 Price Ave, San Antonio, TX 78211, USA","29.3600889,-98.5587109",29.3600889,-98.5587109
7138 Five Palms Dr,"San Antonio, TX",Five Palms ES,https://www.facebook.com/…/a.4252205621…/10159693678282178/…,curbside pickup of breakfast 7:30 a.m. to 9:00 a.m. and lunch from 11:00 a.m. to 12:30 p.m.,South San ISD,https://nowcastsa.com/sites/default/files/styles/thumbnail/public/soutsanisd.png,"7138 Five Palms Dr, San Antonio, TX 78242, USA","29.358916,-98.61477699999999",29.358916,-98.614777
7811 Kindred St,"San Antonio, TX",Kindred ES,https://www.facebook.com/…/a.4252205621…/10159693678282178/…,curbside pickup of breakfast 7:30 a.m. to 9:00 a.m. and lunch from 11:00 a.m. to 12:30 p.m.,South San ISD,https://nowcastsa.com/sites/default/files/styles/thumbnail/public/soutsanisd.png,"7811 Kindred St, San Antonio, TX 78224, USA","29.3501097,-98.5513189",29.3501097,-98.5513189
2250 Pue Rd,"San Antonio, TX",Big Country Elementary School,https://www.facebook.com/…/a.3999011730…/10157436915188068/…,curbside pickup of breakfast 7 a.m. to 8:30 a.m. and lunch from 11:00 a.m. to 1:00 p.m.,Southwest ISD,https://nowcastsa.com/sites/default/files/styles/thumbnail/public/southwestisd.jpg,"2250 Pue Rd, San Antonio, TX 78245, USA","29.40573,-98.6986051",29.40573,-98.6986051
3022 Reforma Dr,"San Antonio, TX",Bob Hope Elementary School,https://www.facebook.com/…/a.3999011730…/10157436915188068/…,curbside pickup of breakfast 7 a.m. to 8:30 a.m. and lunch from 11:00 a.m. to 1:00 p.m.,Southwest ISD,https://nowcastsa.com/sites/default/files/styles/thumbnail/public/southwestisd.jpg,"3022 Reforma Dr, San Antonio, TX 78211, USA","29.3221928,-98.55570689999999",29.3221928,-98.5557069
5102 Trading Post,"San Antonio, TX",Hidden Cove Elementary School,https://www.facebook.com/…/a.3999011730…/10157436915188068/…,curbside pickup of breakfast 7 a.m. to 8:30 a.m. and lunch from 11:00 a.m. to 1:00 p.m.,Southwest ISD,https://nowcastsa.com/sites/default/files/styles/thumbnail/public/southwestisd.jpg,"5102 Trading Post, San Antonio, TX 78242, USA","29.3394291,-98.5993261",29.3394291,-98.5993261
8911 Excellence Dr,"San Antonio, TX",Medio Creek Elementary School,https://www.facebook.com/…/a.3999011730…/10157436915188068/…,curbside pickup of breakfast 7 a.m. to 8:30 a.m. and lunch from 11:00 a.m. to 1:00 p.m.,Southwest ISD,https://nowcastsa.com/sites/default/files/styles/thumbnail/public/southwestisd.jpg,"8911 Excellence Dr, San Antonio, TX 78252, USA","29.3397642,-98.6310929",29.3397642,-98.6310929
5902 Fishers Bend St,"San Antonio, TX",Sky Harbour Elementary School,https://www.facebook.com/…/a.3999011730…/10157436915188068/…,curbside pickup of breakfast 7 a.m. to 8:30 a.m. and lunch from 11:00 a.m. to 1:00 p.m.,Southwest ISD,https://nowcastsa.com/sites/default/files/styles/thumbnail/public/southwestisd.jpg,"5902 Fishers Bend St, San Antonio, TX 78242, USA","29.336134,-98.61295299999999",29.336134,-98.612953
11914 Dragon Ln,"San Antonio, TX",Southwest Elementary school,https://www.facebook.com/…/a.3999011730…/10157436915188068/…,curbside pickup of breakfast 7 a.m. to 8:30 a.m. and lunch from 11:00 a.m. to 1:00 p.m.,Southwest ISD,https://nowcastsa.com/sites/default/files/styles/thumbnail/public/southwestisd.jpg,"11914 Dragon Ln, San Antonio, TX 78252, USA","29.3087035,-98.67316849999999",29.3087035,-98.6731685
5311 Merlin Drive,"San Antonio, TX",Camelot Elementary,https://www.neisd.net/site/default.aspx…,Curbside meal sites will be open from 11:30 a.m. – 1:30 p.m. daily,North East ISD,https://nowcastsa.com/sites/default/files/styles/thumbnail/public/northeastisd.jpg,"5311 Merlin Dr, San Antonio, TX 78218, USA","29.5012859,-98.387503",29.5012859,-98.387503
200 Lemonwood,"San Antonio, TX",Castle Hills Elementary,https://www.neisd.net/site/default.aspx…,Curbside meal sites will be open from 11:30 a.m. – 1:30 p.m. daily,North East ISD,https://nowcastsa.com/sites/default/files/styles/thumbnail/public/northeastisd.jpg,"200 Lemonwood Dr, San Antonio, TX 78213, USA","29.52109729999999,-98.5196624",29.5210973,-98.5196624
4311 Clear Spring,"San Antonio, TX",Clear Spring Elementary,https://www.neisd.net/site/default.aspx…,Curbside meal sites will be open from 11:30 a.m. – 1:30 p.m. daily,North East ISD,https://nowcastsa.com/sites/default/files/styles/thumbnail/public/northeastisd.jpg,"4311 Clearspring Dr, San Antonio, TX 78217, USA","29.5300199,-98.4075429",29.5300199,-98.4075429
302 Heimer Road,"San Antonio, TX",Coker Elementary,https://www.neisd.net/site/default.aspx…,Curbside meal sites will be open from 11:30 a.m. – 1:30 p.m. daily,North East ISD,https://nowcastsa.com/sites/default/files/styles/thumbnail/public/northeastisd.jpg,"302 Heimer Rd, San Antonio, TX 78232, USA","29.5650381,-98.4755569",29.5650381,-98.4755569
2627 Kerrybrook Court,"San Antonio, TX",Colonial Hills Elementary,https://www.neisd.net/site/default.aspx…,Curbside meal sites will be open from 11:30 a.m. – 1:30 p.m. daily,North East ISD,https://nowcastsa.com/sites/default/files/styles/thumbnail/public/northeastisd.jpg,"2627 Kerrybrook Ct, San Antonio, TX 78230, USA","29.516039,-98.5363124",29.516039,-98.5363124
7235 Dewhurst Road,"San Antonio, TX",Dellview Elementary,https://www.neisd.net/site/default.aspx…,Curbside meal sites will be open from 11:30 a.m. – 1:30 p.m. daily,North East ISD,https://nowcastsa.com/sites/default/files/styles/thumbnail/public/northeastisd.jpg,"7235 Dewhurst Rd, San Antonio, TX 78213, USA","29.5009375,-98.5445501",29.5009375,-98.5445501
4415 Bloomdale,"San Antonio, TX",East Terrell Hills Elementary,https://www.neisd.net/site/default.aspx…,Curbside meal sites will be open from 11:30 a.m. – 1:30 p.m. daily,North East ISD,https://nowcastsa.com/sites/default/files/styles/thumbnail/public/northeastisd.jpg,"4415 Bloomdale, San Antonio, TX 78218, USA","29.490266,-98.4058898",29.490266,-98.4058898
12634 El Sendero,"San Antonio, TX",El Dorado Elementary,https://www.neisd.net/site/default.aspx…,Curbside meal sites will be open from 11:30 a.m. – 1:30 p.m. daily,North East ISD,https://nowcastsa.com/sites/default/files/styles/thumbnail/public/northeastisd.jpg,"12634 El Sendero St, San Antonio, TX 78233, USA","29.5510255,-98.39401009999999",29.5510255,-98.3940101
6111 Fox Creek,"San Antonio, TX","Fox Run Elementary,",https://www.neisd.net/site/default.aspx…,Curbside meal sites will be open from 11:30 a.m. – 1:30 p.m. daily,North East ISD,https://nowcastsa.com/sites/default/files/styles/thumbnail/public/northeastisd.jpg,"6111 Fox Creek St, San Antonio, TX 78247, USA","29.587947,-98.3676368",29.587947,-98.3676368
10727 Memory Lane,"San Antonio, TX",Harmony Hills Elementary,https://www.neisd.net/site/default.aspx…,Curbside meal sites will be open from 11:30 a.m. – 1:30 p.m. daily,North East ISD,https://nowcastsa.com/sites/default/files/styles/thumbnail/public/northeastisd.jpg,"10727 Memory Ln, San Antonio, TX 78216, USA","29.5388258,-98.5007973",29.5388258,-98.5007973
16311 Huebner,"San Antonio, TX",Huebner Elementary,https://www.neisd.net/site/default.aspx…,Curbside meal sites will be open from 11:30 a.m. – 1:30 p.m. daily,North East ISD,https://nowcastsa.com/sites/default/files/styles/thumbnail/public/northeastisd.jpg,"16311 Huebner Rd, San Antonio, TX 78248, USA","29.587541,-98.53206499999999",29.587541,-98.532065
1701 Jackson-Keller,"San Antonio, TX",Jackson-Keller Elementary,https://www.neisd.net/site/default.aspx…,Curbside meal sites will be open from 11:30 a.m. – 1:30 p.m. daily,North East ISD,https://nowcastsa.com/sites/default/files/styles/thumbnail/public/northeastisd.jpg,"1701 Jackson Keller Rd, San Antonio, TX 78213, USA","29.511235,-98.51995099999999",29.511235,-98.519951
1802 Larkspur,"San Antonio, TX",Larkspur Elementary,https://www.neisd.net/site/default.aspx…,Curbside meal sites will be open from 11:30 a.m. – 1:30 p.m. daily,North East ISD,https://nowcastsa.com/sites/default/files/styles/thumbnail/public/northeastisd.jpg,"1802 Larkspur Dr, San Antonio, TX 78213, USA","29.5434389,-98.521582",29.5434389,-98.521582
15806 O’Connor,"San Antonio, TX",Longs Creek Elementary,https://www.neisd.net/site/default.aspx…,Curbside meal sites will be open from 11:30 a.m. – 1:30 p.m. daily,North East ISD,https://nowcastsa.com/sites/default/files/styles/thumbnail/public/northeastisd.jpg,"15806 O'Connor Rd, San Antonio, TX 78247, USA","29.5888329,-98.395467",29.5888329,-98.395467
7047 Montgomery Drive,"San Antonio, TX",Montgomery Elementary,https://www.neisd.net/site/default.aspx…,Curbside meal sites will be open from 11:30 a.m. – 1:30 p.m. daily,North East ISD,https://nowcastsa.com/sites/default/files/styles/thumbnail/public/northeastisd.jpg,"7047 Montgomery Dr, San Antonio, TX 78239, USA","29.511479,-98.349576",29.511479,-98.349576
13901 Higgins Road,"San Antonio, TX",Northern Hills Elementary,https://www.neisd.net/site/default.aspx…,Curbside meal sites will be open from 11:30 a.m. – 1:30 p.m. daily,North East ISD,https://nowcastsa.com/sites/default/files/styles/thumbnail/public/northeastisd.jpg,"13901 Higgins Rd, San Antonio, TX 78217, USA","29.5680626,-98.3958031",29.5680626,-98.3958031
519 Pike Road,"San Antonio, TX",Northwood Elementary,https://www.neisd.net/site/default.aspx…,Curbside meal sites will be open from 11:30 a.m. – 1:30 p.m. daily,North East ISD,https://nowcastsa.com/sites/default/files/styles/thumbnail/public/northeastisd.jpg,"519 Pike Rd, San Antonio, TX 78209, USA","29.506146,-98.44058899999999",29.506146,-98.440589
3250 Nacogdoches Road,"San Antonio, TX",Oak Grove Elementary,https://www.neisd.net/site/default.aspx…,Curbside meal sites will be open from 11:30 a.m. – 1:30 p.m. daily,North East ISD,https://nowcastsa.com/sites/default/files/styles/thumbnail/public/northeastisd.jpg,"3250 Nacogdoches Rd, San Antonio, TX 78217, USA","29.5271948,-98.4364136",29.5271948,-98.4364136
2800 Hunters Green,"San Antonio, TX",Oak Meadow Elementary,https://www.neisd.net/site/default.aspx…,Curbside meal sites will be open from 11:30 a.m. – 1:30 p.m. daily,North East ISD,https://nowcastsa.com/sites/default/files/styles/thumbnail/public/northeastisd.jpg,"2800 Hunters Green, San Antonio, TX 78231, USA","29.5685328,-98.53934699999999",29.5685328,-98.539347
1103 Allena,"San Antonio, TX",Olmos Elementary,https://www.neisd.net/site/default.aspx…,Curbside meal sites will be open from 11:30 a.m. – 1:30 p.m. daily,North East ISD,https://nowcastsa.com/sites/default/files/styles/thumbnail/public/northeastisd.jpg,"1103 Allena Dr, San Antonio, TX 78213, USA","29.497141,-98.51547699999999",29.497141,-98.515477
16650 Redland Road,"San Antonio, TX",Redland Oaks Elementary,https://www.neisd.net/site/default.aspx…,Curbside meal sites will be open from 11:30 a.m. – 1:30 p.m. daily,North East ISD,https://nowcastsa.com/sites/default/files/styles/thumbnail/public/northeastisd.jpg,"16650 Redland Rd, San Antonio, TX 78247, USA","29.5922963,-98.43093139999999",29.5922963,-98.4309314
10222 Broadway,"San Antonio, TX",Regency Place Elementary,https://www.neisd.net/site/default.aspx…,Curbside meal sites will be open from 11:30 a.m. – 1:30 p.m. daily,North East ISD,https://nowcastsa.com/sites/default/files/styles/thumbnail/public/northeastisd.jpg,"10222 Broadway St, San Antonio, TX 78217, USA","29.5330241,-98.4474915",29.5330241,-98.4474915
8223 N. McCullough,"San Antonio, TX",Ridgeview Elementary,https://www.neisd.net/site/default.aspx…,Curbside meal sites will be open from 11:30 a.m. – 1:30 p.m. daily,North East ISD,https://nowcastsa.com/sites/default/files/styles/thumbnail/public/northeastisd.jpg,"8223 McCullough Ave, San Antonio, TX 78216, USA","29.512857,-98.492974",29.512857,-98.492974
5933 Royal Ridge,"San Antonio, TX",Royal Ridge Elementary,https://www.neisd.net/site/default.aspx…,Curbside meal sites will be open from 11:30 a.m. – 1:30 p.m. daily,North East ISD,https://nowcastsa.com/sites/default/files/styles/thumbnail/public/northeastisd.jpg,"5933 Royal Ridge, San Antonio, TX 78239, USA","29.5348785,-98.3705476",29.5348785,-98.3705476
2569 NE Loop 410,"San Antonio, TX",Serna Elementary,https://www.neisd.net/site/default.aspx…,Curbside meal sites will be open from 11:30 a.m. – 1:30 p.m. daily,North East ISD,https://nowcastsa.com/sites/default/files/styles/thumbnail/public/northeastisd.jpg,"2569 NE Interstate 410 Loop, San Antonio, TX 78217, USA","29.5175617,-98.41427879999999",29.5175617,-98.4142788
5222 Stahl Road,"San Antonio, TX",Stahl Elementary,https://www.neisd.net/site/default.aspx…,Curbside meal sites will be open from 11:30 a.m. – 1:30 p.m. daily,North East ISD,https://nowcastsa.com/sites/default/files/styles/thumbnail/public/northeastisd.jpg,"5222 Stahl Rd, San Antonio, TX 78247, USA","29.58190309999999,-98.3857431",29.5819031,-98.3857431
5100 Knoll Creek,"San Antonio, TX",Steubing Ranch Elementary,https://www.neisd.net/site/default.aspx…,Curbside meal sites will be open from 11:30 a.m. – 1:30 p.m. daily,North East ISD,https://nowcastsa.com/sites/default/files/styles/thumbnail/public/northeastisd.jpg,"5100 Knollcreek Dr, San Antonio, TX 78247, USA","29.59439979999999,-98.3881195",29.5943998,-98.3881195
4618 Walzem Road,"San Antonio, TX",Walzem Elementary,https://www.neisd.net/site/default.aspx…,Curbside meal sites will be open from 11:30 a.m. – 1:30 p.m. daily,North East ISD,https://nowcastsa.com/sites/default/files/styles/thumbnail/public/northeastisd.jpg,"4618 Walzem Rd, San Antonio, TX 78218, USA","29.509064,-98.4012939",29.509064,-98.4012939
3250 Thousand Oaks,"San Antonio, TX",Wetmore Elementary,https://www.neisd.net/site/default.aspx…,Curbside meal sites will be open from 11:30 a.m. – 1:30 p.m. daily,North East ISD,https://nowcastsa.com/sites/default/files/styles/thumbnail/public/northeastisd.jpg,"3250 Thousand Oaks Dr, San Antonio, TX 78247, USA","29.5700102,-98.4349587",29.5700102,-98.4349587
6523 Cascade,"San Antonio, TX",Wilshire Elementary,https://www.neisd.net/site/default.aspx…,Curbside meal sites will be open from 11:30 a.m. – 1:30 p.m. daily,North East ISD,https://nowcastsa.com/sites/default/files/styles/thumbnail/public/northeastisd.jpg,"6523 Cascade Pl, San Antonio, TX 78218, USA","29.487771,-98.42371999999999",29.487771,-98.42372
465 Faircrest,"San Antonio, TX",Windcrest Elementary,https://www.neisd.net/site/default.aspx…,Curbside meal sites will be open from 11:30 a.m. – 1:30 p.m. daily,North East ISD,https://nowcastsa.com/sites/default/files/styles/thumbnail/public/northeastisd.jpg,"465 Faircrest Dr, Windcrest, TX 78239, USA","29.518272,-98.382835",29.518272,-98.382835
5602 Fountainwood,"San Antonio, TX",Woodstone Elementary,https://www.neisd.net/site/default.aspx…,Curbside meal sites will be open from 11:30 a.m. – 1:30 p.m. daily,North East ISD,https://nowcastsa.com/sites/default/files/styles/thumbnail/public/northeastisd.jpg,"5602 Fountainwood, San Antonio, TX 78233, USA","29.5645746,-98.37602729999999",29.5645746,-98.3760273
9142 FM78,"Converse, TX",Judson High School,https://www.judsonisd.org/site/default.aspx…,curbside pickup of breakfast 8:00 a.m. to 9:00 a.m. and lunch from 11:00 a.m. to 12:00 p.m.,Judson ISD,https://nowcastsa.com/sites/default/files/styles/thumbnail/public/judsonisd.png,"9142 FM78, Converse, TX 78109, USA","29.5107049,-98.30816329999999",29.5107049,-98.3081633
3000 N Foster Rd,"San Antonio, TX",Wagner High School,https://www.judsonisd.org/site/default.aspx…,curbside pickup of breakfast 8:00 a.m. to 9:00 a.m. and lunch from 11:00 a.m. to 12:00 p.m.,Judson ISD,https://nowcastsa.com/sites/default/files/styles/thumbnail/public/judsonisd.png,"3000 N Foster Rd, San Antonio, TX 78244, USA","29.4566422,-98.3569359",29.4566422,-98.3569359
8439 Athenian Dr,Universal City,Olympia Elementary School,https://www.judsonisd.org/site/default.aspx…,curbside pickup of breakfast 8:00 a.m. to 9:00 a.m. and lunch from 11:00 a.m. to 12:00 p.m.,Judson ISD,https://nowcastsa.com/sites/default/files/styles/thumbnail/public/judsonisd.png,"8439 Athenian Dr, Universal City, TX 78148, USA","29.568789,-98.318096",29.568789,-98.318096
2440 Ackerman Rd,"San Antonio, TX",Hopkins Elementary School,https://www.judsonisd.org/site/default.aspx…,curbside pickup of breakfast 8:00 a.m. to 9:00 a.m. and lunch from 11:00 a.m. to 12:00 p.m.,Judson ISD,https://nowcastsa.com/sites/default/files/styles/thumbnail/public/judsonisd.png,"2440 Ackerman Rd, Kirby, TX 78219, USA","29.4522538,-98.37945219999999",29.4522538,-98.3794522
3635 Candleglenn,"San Antonio, TX",Candlewood Elementary School,https://www.judsonisd.org/site/default.aspx…,curbside pickup of breakfast 8:00 a.m. to 9:00 a.m. and lunch from 11:00 a.m. to 12:00 p.m.,Judson ISD,https://nowcastsa.com/sites/default/files/styles/thumbnail/public/judsonisd.png,"3635 Candleglenn, San Antonio, TX 78244, USA","29.4578787,-98.3687497",29.4578787,-98.3687497
7607 N New Braunfels Ave,"San Antonio, TX",Alamo Heights Junior School,http://www.ahisd.net/ne…/what_s_new/drive-_thru_meal_service,Curbside pickup 8:00AM - 10:00AM,Alamo Heights ISD,https://nowcastsa.com/sites/default/files/styles/thumbnail/public/alamoheightsisd.png,"7607 N New Braunfels Ave, San Antonio, TX 78209, USA","29.5014762,-98.4603272",29.5014762,-98.4603272
3223 S Loop 1604 E,"San Antonio, TX",Southside Heritage Elementary,https://www.facebook.com/southsideisd/posts/2904315356258071?__xts__[0]=68.ARBM6Xs2dosOVybQgxTcTilt1b3OYCJYqf8OD47-Er-PXmsIfJLyesrfD8JQDmsaafmyW4_gKGXoeLqNbbNnpOB_oJGv9LckxrbvQ1Igjfr1CXj7C5L1nfcYCfh-gwmz3mV7yZpdGcT1Tb7QNArUf5nGO6Bhhqr-D9dYnwKTbgLwM-m3hAb,Curbside pickup at 12:00PM,Southside ISD,https://nowcastsa.com/sites/default/files/styles/thumbnail/public/southsideisd.jpg,"3223 S Loop 1604 E, San Antonio, TX 78221, USA","29.2220348,-98.442157",29.2220348,-98.442157
19190 US-281 South #2,"San Antonio, TX",Southside High School,https://www.facebook.com/southsideisd/posts/2904315356258071?__xts__[0]=68.ARBM6Xs2dosOVybQgxTcTilt1b3OYCJYqf8OD47-Er-PXmsIfJLyesrfD8JQDmsaafmyW4_gKGXoeLqNbbNnpOB_oJGv9LckxrbvQ1Igjfr1CXj7C5L1nfcYCfh-gwmz3mV7yZpdGcT1Tb7QNArUf5nGO6Bhhqr-D9dYnwKTbgLwM-m3hAb,Curbside pickup at 12:00PM,Southside ISD,https://nowcastsa.com/sites/default/files/styles/thumbnail/public/southsideisd.jpg,"19190 US-281 #2, San Antonio, TX 78221, USA","29.240567,-98.4727461",29.240567,-98.4727461
7173 FM 1628,"San Antonio, TX",East Central High School,https://www.ecisd.net/Page/12262,curbside pickup of breakfast 7 a.m. to 9:00 a.m. and lunch from 11:00 a.m. to 1:00 p.m.,East Central ISD,https://nowcastsa.com/sites/default/files/styles/thumbnail/public/eastcentralisd.jpg,"7173 FM1628, San Antonio, TX 78263, USA","29.3524601,-98.29653429999999",29.3524601,-98.2965343
7284 FM 1628,"San Antonio, TX",CAST Lead High School,https://www.ecisd.net/Page/12262,curbside pickup of breakfast 7 a.m. to 9:00 a.m. and lunch from 11:00 a.m. to 1:00 p.m.,East Central ISD,https://nowcastsa.com/sites/default/files/styles/thumbnail/public/eastcentralisd.jpg,"7284 FM1628, Adkins, TX 78101, USA","29.3512119,-98.29417459999999",29.3512119,-98.2941746
8004 New Sulphur Springs Rd,"San Antonio, TX",Heritage Middle School,https://www.ecisd.net/Page/12262,curbside pickup of breakfast 7 a.m. to 9:00 a.m. and lunch from 11:00 a.m. to 1:00 p.m.,East Central ISD,https://nowcastsa.com/sites/default/files/styles/thumbnail/public/eastcentralisd.jpg,"8004 New Sulphur Springs Rd, San Antonio, TX 78263, USA","29.354821,-98.33366",29.354821,-98.33366
5903 SE Loop 410,"San Antonio, TX",Legacy Middle School,https://www.ecisd.net/Page/12262,curbside pickup of breakfast 7 a.m. to 9:00 a.m. and lunch from 11:00 a.m. to 1:00 p.m.,East Central ISD,https://nowcastsa.com/sites/default/files/styles/thumbnail/public/eastcentralisd.jpg,"5903 S East Loop 410, San Antonio, TX 78222, USA","29.3657808,-98.40001579999999",29.3657808,-98.4000158
10625 Green Lake St.,"San Antonio, TX",Harmony Elementary,https://www.ecisd.net/Page/12262,curbside pickup of breakfast 7 a.m. to 9:00 a.m. and lunch from 11:00 a.m. to 1:00 p.m.,East Central ISD,https://nowcastsa.com/sites/default/files/styles/thumbnail/public/eastcentralisd.jpg,"10625 Green Lake St, San Antonio, TX 78223, USA","29.3144761,-98.3854064",29.3144761,-98.3854064
3736 SE Military Dr,"San Antonio, TX",Highland Forest Elementary,https://www.ecisd.net/Page/12262,curbside pickup of breakfast 7 a.m. to 9:00 a.m. and lunch from 11:00 a.m. to 1:00 p.m.,East Central ISD,https://nowcastsa.com/sites/default/files/styles/thumbnail/public/eastcentralisd.jpg,"3736 SE Military Dr, San Antonio, TX 78223, USA","29.3535422,-98.4208472",29.3535422,-98.4208472
7806 New Sulphur Springs Rd,"San Antonio, TX",Oak Crest Elementary,https://www.ecisd.net/Page/12262,curbside pickup of breakfast 7 a.m. to 9:00 a.m. and lunch from 11:00 a.m. to 1:00 p.m.,East Central ISD,https://nowcastsa.com/sites/default/files/styles/thumbnail/public/eastcentralisd.jpg,"7806 New Sulphur Springs Rd, San Antonio, TX 78263, USA","29.353422,-98.336299",29.353422,-98.336299
3966 E. Southcross,"San Antonio, TX",Pecan Valley Elementary,https://www.ecisd.net/Page/12262,curbside pickup of breakfast 7 a.m. to 9:00 a.m. and lunch from 11:00 a.m. to 1:00 p.m.,East Central ISD,https://nowcastsa.com/sites/default/files/styles/thumbnail/public/eastcentralisd.jpg,"3966 E Southcross, San Antonio, TX 78222, USA","29.372674,-98.416281",29.372674,-98.416281
3602 WW White Rd.,"San Antonio, TX",Salado Elementary,https://www.ecisd.net/Page/12262,curbside pickup of breakfast 7 a.m. to 9:00 a.m. and lunch from 11:00 a.m. to 1:00 p.m.,East Central ISD,https://nowcastsa.com/sites/default/files/styles/thumbnail/public/eastcentralisd.jpg,"3602 S WW White Rd, San Antonio, TX 78222, USA","29.3635582,-98.3998887",29.3635582,-98.3998887
6126 Sinclair Rd.,"San Antonio, TX",Sinclair Elementary,https://www.ecisd.net/Page/12262,curbside pickup of breakfast 7 a.m. to 9:00 a.m. and lunch from 11:00 a.m. to 1:00 p.m.,East Central ISD,https://nowcastsa.com/sites/default/files/styles/thumbnail/public/eastcentralisd.jpg,"6126 Sinclair Rd, San Antonio, TX 78222, USA","29.38495249999999,-98.3731162",29.3849525,-98.3731162
2885 FM 1346,"San Antonio, TX",Tradition Elementary,https://www.ecisd.net/Page/12262,curbside pickup of breakfast 7 a.m. to 9:00 a.m. and lunch from 11:00 a.m. to 1:00 p.m.,East Central ISD,https://nowcastsa.com/sites/default/files/styles/thumbnail/public/eastcentralisd.jpg,"2885 FM 1346, La Vernia, TX 78121, USA","29.3765159,-98.1679465",29.3765159,-98.1679465
369 FM 1346 South,"La Vernia, TX",Lavernia Middle School,https://www.lvisd.org//site/default.aspx?PageType=3&DomainID=4&ModuleInstanceID=11&ViewID=6446EE88-D30C-497E-9316-3F8874B3E108&RenderLoc=0&FlexDataID=5182&PageID=1,curbside pickup of breakfast 7:30 a.m. to 8:00 a.m. and lunch from 11:00 a.m. to 12:00 a.m.,La Vernia ISD,https://nowcastsa.com/sites/default/files/styles/thumbnail/public/lavernia_isd.png?itok=dpxP5qzH,"369 FM 1346, La Vernia, TX 78121, USA","29.35254189999999,-98.1304639",29.3525419,-98.1304639
8365 FM 471 South,"Castroville, TX",Medina Valley High School,https://www.mvisd.com/,curbside pickup of breakfast 7:30 a.m. to 8:30 a.m. and lunch from 11:00 a.m. to 12:30 a.m.,Medina Valley ISD,https://nowcastsa.com/sites/default/files/styles/thumbnail/public/medina_valley_isd.png?itok=Na9d7rml,"8365 FM471, Castroville, TX 78009, USA","29.3600651,-98.871842",29.3600651,-98.871842
16069 Uvalde St,"Lacoste, TX",LaCoste Elementary School,https://www.mvisd.com/,curbside pickup of breakfast 7:30 a.m. to 8:30 a.m. and lunch from 11:00 a.m. to 12:30 a.m.,Medina Valley ISD,https://nowcastsa.com/sites/default/files/styles/thumbnail/public/medina_valley_isd.png?itok=Na9d7rml,"16069 Uvalde St, Lacoste, TX 78039, USA","29.3120743,-98.8160754",29.3120743,-98.8160754
12045 Luckey River,"San Antonio, TX",Luckey Ranch Elementary School,https://www.mvisd.com/,curbside pickup of breakfast 7:30 a.m. to 8:30 a.m. and lunch from 11:00 a.m. to 12:30 a.m.,Medina Valley ISD,https://nowcastsa.com/sites/default/files/styles/thumbnail/public/medina_valley_isd.png?itok=Na9d7rml,"12045 Luckey River, San Antonio, TX 78252, USA","29.3633305,-98.73224669999999",29.3633305,-98.7322467
190 CR 381 South,"San Antonio, TX",Potranco Elementary School,https://www.mvisd.com/,curbside pickup of breakfast 7:30 a.m. to 8:30 a.m. and lunch from 11:00 a.m. to 12:30 a.m.,Medina Valley ISD,https://nowcastsa.com/sites/default/files/styles/thumbnail/public/medina_valley_isd.png?itok=Na9d7rml,"190 Co Rd 381, San Antonio, TX 78253, USA","29.4291454,-98.8140894",29.4291454,-98.8140894
701 Curtiss Ave,"Schertz, TX",Schertz Elementary School,https://www.scuc.txed.net/page/32560,curbside pickup of breakfast 7:30 a.m. to 8:30 a.m. and lunch from 11:30 a.m. to 1:00 p.m.,Schertz-Cibolo-Universal City ISD,https://nowcastsa.com/sites/default/files/styles/thumbnail/public/schertz-cibolo-universal_city_isd.jpg?itok=4QFJW5gb,"701 Curtiss Ave, Schertz, TX 78154, USA","29.5570029,-98.2688199",29.5570029,-98.2688199